voter_address,chain_id
0x0087500a23E9c1d882dd888244840c50756E2447,eip155:1
0x0192ae8CfBEe713684f23f2418764B4Ae28E07b9,eip155:1
0x01b86AEEbCD1Ff94aC1195cFc8FD9e39dB24db45,eip155:1
0x029183bd9A47CDD7f5df8Fb64382022C4b681b63,eip155:1
0x035eBd096AFa6b98372494C7f08f3402324117D3,eip155:1
0x08658eD3d0cE25F9F2736886669F7b1fc46c1168,eip155:1
0x0891e98f45E44de82f2277A8a2B4d5a0a0495De2,eip155:1
0x0aedA3B25ACA124C2a1148f263eB2509894Bc8D7,eip155:1
0x111aE4d8db445C46b4C342ABBbB508519275d3c3,eip155:1
0x119b49A1C266c67656d098c320b697cC5Ce94C43,eip155:1
0x11cef2922019C399288A4669d147bF1Ce54cf3c7,eip155:1
0x11f88913471Afe6B8DBb03D2cF452CA737adbB90,eip155:1
0x1297dc893C78e035E000E33533Ac38b0d3804E4f,eip155:1
0x13089220cd2a3e4A49f253BdC03Ab2E110cDCa5e,eip155:1
0x13BDaE8c5F0fC40231F0E6A4ad70196F59138548,eip155:1
0x1768De8F4F23D495C25Ee5A25B4E1F8f14670613,eip155:1
0x179A862703a4adfb29896552DF9e307980D19285,eip155:1
0x1855f41B8A86e701E33199DE7C25d3e3830698ba,eip155:1
0x1aC5d648599B9767b1a1bd13eB8BF082B4C157c2,eip155:1
0x1C503aC7E205e8Ce413636D6aC113Dea17EeCB15,eip155:1
0x1D5460F896521aD685Ea4c3F2c679Ec0b6806359,eip155:1
0x294C2a8BD233fAd3D9c29e9362A42f8881f4461B,eip155:1
0x2B888954421b424C5D3D9Ce9bB67c9bD47537d12,eip155:1
0x2bA0fCC894522DF700060a6015f7e96537B18412,eip155:1
0x2c2e9e1b8e8040AE1d101Cf52C221FCd58f56eBC,eip155:1
0x2e47B5463062FF6d031B03ab51723045BF0D59E9,eip155:1
0x30C7F4F7504D6366916f669cd8E731ED4dF6C702,eip155:1
0x329c54289Ff5D6B7b7daE13592C6B1EDA1543eD4,eip155:1
0x3304D37F3FE450c4326F2F9e50498FBFB0431b29,eip155:1
0x3335cc8BDa40fB5a5F8Db1D0011dEc98728d81E1,eip155:1
0x33Dde5b4f0db040C1B006f383B59e207936C90e5,eip155:1
0x34868ed83815AaA53cD1F85032Beaee678A9e8de,eip155:1
0x3496cC53d6d8650Ec936891038E656a85475126B,eip155:1
0x34A1E55c6673e9909d041E19ead46Aa6232DFC50,eip155:1
0x37f09cA66B2577A1d043811803E26993a40EA0a7,eip155:1
0x38b4f9986E4CA146A6ed14c29fCd6E19cc0E35E9,eip155:1
0x3976641D41d423F08cb2A00B25BF225BE965568B,eip155:1
0x3996aAf7d60A9745A1Ad2EDfeB7EBbd385a94E82,eip155:1
0x399e0Ae23663F27181Ebb4e66Ec504b3AAB25541,eip155:1
0x3E47a1fbAD1B95B4bd350ABc52720e6b9Bb35539,eip155:1
0x3FB19771947072629C8EEE7995a2eF23B72d4C8A,eip155:1
0x40FC9E365e4c426083cB1DcB85D6b16AB48a403b,eip155:1
0x42E6DD8D517abB3E4f6611Ca53a8D1243C183fB0,eip155:1
0x45452D8508356dC9619F23Eab6932B4Aab1946E6,eip155:1
0x45DcA0746fc56b400B291f5D9657a79464E8F152,eip155:1
0x47f951dE5eCb4d44C3627ec6dCaefc11F445566e,eip155:1
0x48c1B424913eE256ca7B23b3972D4654214F1379,eip155:1
0x4a3e6E66f8C32bC05A50879f872B1177A1573CDF,eip155:1
0x4B67c7f8893bD8fbC819FA57b9dD9DdE0B03CcBA,eip155:1
0x50D2DEC635c48f5E8CeDE341Df87c651c6cD5318,eip155:1
0x50DA03C08b3269AA2B47a0b8bE03dBCeA4cB3990,eip155:1
0x534631Bcf33BDb069fB20A93d2fdb9e4D4dD42CF,eip155:1
0x5584cF54ADE7C81aB6d6Bc870C714F87FC0a7721,eip155:1
0x5717856A431fCAB27198B18aDCB0215E44F85583,eip155:1
0x578a4aF5CbC3009487A89be88Bc560157200795B,eip155:1
0x5bF26721EF365DEa38991aB7Ef5cdea80fEe964c,eip155:1
0x5d7caCB00526eb07D5a39CD4457660E280c080b3,eip155:1
0x5ec0cc2C7D2fE36f943000A4e1e8212E3dC71884,eip155:1
0x602f9D7692556b229300d6F8C11D3D3D4D69b989,eip155:1
0x61a75e2CD5Ba6F36791b0fD1ba0b91cdB506c35E,eip155:1
0x63C2c6BC822CaC9DE857193ED42Edf3AD0Ba5243,eip155:1
0x64fA8a632DD9081aF67651F02B7473Fe841Ab194,eip155:1
0x664fb7e118d8b3cc4e2B69dC84733cA875284242,eip155:1
0x66cb209b6A7a37cFf250A6632ea1B0F0440A1596,eip155:1
0x67e55Ec79f686c44582b4B09F111CBA528Da9FF5,eip155:1
0x69dceee155C31eA0c8354F90BDD65C12FaF5A00a,eip155:1
0x6a90063EEe5c46e874d382984D7f5860E5B00744,eip155:1
0x6b07d4acE5bc9a690FdA9ddeb5a0f131Fda0b257,eip155:1
0x6D07fA7b60CCe5B70Cd01842310462783B00b770,eip155:1
0x71A2b995E5672FD42cB545E3C6ff2C96AF25E1Ea,eip155:1
0x71adD64adBB965Bafd01437295968502eB61145e,eip155:1
0x7449fa242C70C2E902C1551e407dCF6818bC9E70,eip155:1
0x75986b4337845d7c6e52BD5f0b0310A2d29b1FA0,eip155:1
0x76A6D08b82034b397E7e09dAe4377C18F132BbB8,eip155:1
0x7E16BFA814f0C91DEFC26D8bbB8D36BD65820867,eip155:1
0x809FA673fe2ab515FaA168259cB14E2BeDeBF68e,eip155:1
0x833d2954aAFA166692d24586dAb6F81F9aA42193,eip155:1
0x843593B319B016dc3eb46Fe7C0aDe9920FA2f305,eip155:1
0x896b2797442e7066f2e46959a0B32398999fCC0d,eip155:1
0x8a9a8A32CBd6c0D9f1258A53Faac329747c89f4e,eip155:1
0x8b113baa1fa5280E0b4F7177f6e1af8Acdab0c6d,eip155:1
0x8bC8b4E4921101BcC56ec084b906069b73de7276,eip155:1
0x8eEF779818Afa953b0652e45438423ebE089F55A,eip155:1
0x93f4C8F670578F6D10bf8b77826F04E9C3A4B9E2,eip155:1
0x9549a378C479cE2F015dC9013C421eFC3bdEA2D8,eip155:1
0x962Da3f5744FA16fce4B611A6D0592efE439Ed2e,eip155:1
0x994a3A503D5c87EDc5B661FF5645d55c34d752DE,eip155:1
0x99b17456eD9C3EB3E2F4f292bCB515F8bb9F4640,eip155:1
0x9b37eAD6952030F0d8660500e8De47497cE32651,eip155:1
0x9BD48e08E3444B30113812acd52458b35C33803A,eip155:1
0x9C0EA9B69c66DC505C3E77E246be043a8a550BD6,eip155:1
0x9C92c28fBa92291750BAf0Cb5462ca672f011413,eip155:1
0x9cEAD5773F576E9aE649251339B5F71C21EdEE3c,eip155:1
0xA0efD27acC781549D5b78e89E561AA0903932d56,eip155:1
0xA15aaCfc8BC19A6e145D493EdF7E801637418639,eip155:1
0xA2b15ce187165bC1723Df411d9887d738FabE5f7,eip155:1
0xa42B37b50Fe7f1a4850E66881C22E80a80A08240,eip155:1
0xA45f7bD6A5Ff45D31aaCE6bCD3d426D9328cea01,eip155:1
0xa5Ad09b6b5A7aa8e032F983a3b9a0240c836bF16,eip155:1
0xa7615CD307F323172331865181DC8b80a2834324,eip155:1
0xa77294828d42B538890fa6E97AdFfE9305536171,eip155:1
0xA7860E99e3ce0752D1ac53b974E309fFf80277C6,eip155:1
0xAa6dC9A896874b80E2Cd4f4f5e9A1C7c8E8574A2,eip155:1
0xAa72c128421298dA5E234908C6cbd53597c44931,eip155:1
0xAac35d953Ef23aE2E61a866ab93deA6eC0050bcD,eip155:1
0xABb2C4cE15B4385E43b194f9b264B549F7dE6056,eip155:1
0xaCbABbb5b96b0e2889C27496fa33e6f26081E1a2,eip155:1
0xb03E1bF868622BE75Fb6CbB8D0C46737435A8124,eip155:1
0xB224C2a4124B63923760aB0f916AF3b665aB0750,eip155:1
0xb29A655f3D67B2B6724Fb22B2C2303cB660c946B,eip155:1
0xB89B619e3F6C35019D4Be83E92e99e809AF8ECb3,eip155:1
0xb8c2C29ee19D8307cb7255e1Cd9CbDE883A267d5,eip155:1
0xB933AEe47C438f22DE0747D57fc239FE37878Dd1,eip155:1
0xb953d6decd035f83Ae2c47B03e321C4538C5531e,eip155:1
0xBcE35d5A3e89995730B3C979a01319D06E41776f,eip155:1
0xBE381052B68f458183D1599d672860d6b3aAA644,eip155:1
0xbE4FeAE32210f682A41e1C41e3eaF4f8204cD29E,eip155:1
0xbE5C59873f34580c0a28dAbD8396482d72F5F330,eip155:1
0xc0882631627786eEA84a851F66cdd1c0a070eA28,eip155:1
0xc0948A2f0B48A2AA8474f3DF54FD7C364225AD7d,eip155:1
0xC15b16dcd4df0617EF7e26DC751eE2AaAe5E844F,eip155:1
0xC34aE1A39662415a4720d4A3e7C2Be0E202568C2,eip155:1
0xc6571c2FB66825F13b7751b1c334810D397618Eb,eip155:1
0xc724e609D9A3968013eF8Ce0Bf2CB48971A9b01D,eip155:1
0xC9fF715ff5fDE21a10c8054085a756ce098fE896,eip155:1
0xCA7632327567796e51920F6b16373e92c7823854,eip155:1
0xd10ce1CAAabd338258392A7Cf6c662fD09421146,eip155:1
0xD2602C7bDFC9F413974e944280BbFae275d1B1b6,eip155:1
0xD4117b25724905907aC0Da4fb6231f9a123b0a38,eip155:1
0xd5D171a9AA125AF13216C3213B5A9Fc793FcCF2c,eip155:1
0xd7b26011E6eB5857a6251da1f77E9f3d8AaC4489,eip155:1
0xd90e3B6Df5dc313f1360792817A558f569145D16,eip155:1
0xDA2D56d946D838d1130ecC2692c76E5138aB2C2f,eip155:1
0xDcdB53E8E1123BAA64a0B7d3Da13E360CA843797,eip155:1
0xe06F8D2321AAA559BFcfEA9F6aA5BA0bDB8B857d,eip155:1
0xe0e7b7C5aE92Fe94D2ae677D81214D6Ad7A11C27,eip155:1
0xE19f3a2367A2f4667802b7fBab8ed6b27FCF9A11,eip155:1
0xE3919F3f971C4589089DaA930aaFa81B8A27b406,eip155:1
0xE4594A66d9507fFc0d4335CC240BD61C1173E666,eip155:1
0xE92a91eEa8433894C7B9399C16422A0dBE892eDC,eip155:1
0xe9896c644C6FE5626d2AD0c28216c237456d08FA,eip155:1
0xea172676E4105e92Cc52DBf45fD93b274eC96676,eip155:1
0xEA95cfB5Dd624F43775b372db0ED2D8d0073E91C,eip155:1
0xEc8EDfAe340278B79a9a7Ba58C8f97b36f3739Ef,eip155:1
0xECC2a9240268BC7a26386ecB49E1Befca2706AC9,eip155:1
0xed11e5eA95a5A3440fbAadc4CC404C56D0a5bb04,eip155:1
0xEfB34b1BD6ca1D7607a16532dFA9E49bC7c36f2d,eip155:1
0xf03198cA050844F4951e0d5Ee58e9acA5e9dA853,eip155:1
0xf08c07E93Db5AcA20cf25087b8D358aB2Ef8bf8F,eip155:1
0xf3427890604BC8BE673517B9Dde1bab548aE3329,eip155:1
0xF4B0556B9B6F53E00A1FDD2b0478Ce841991D8fA,eip155:1
0xF637978800670ba2a978501D86f73442e108f946,eip155:1
0xf8926A177273202755F9Fa930c96285e612375AC,eip155:1
0xFb3bD022D5DAcF95eE28a6B07825D4Ff9C5b3814,eip155:1
0xFB40932271Fc9Db9DbF048E80697E2Da4AA57250,eip155:1
0xfb8c66c5E4B104c79A1383312a1B52D29b7e8B0b,eip155:1
0xFC538FFD2923ddDaED09c8aD1a51686275C56183,eip155:1
0xfD102a750C595d95ACE7bDBeD17E8b444891610d,eip155:1
0xFF1882511a5673194b252c35f2530562f74F47e4,eip155:1
0x52b9783f1F955Ac10d50c7D4AB62d7F2288D6446,eip155:10
0x5A75f64493E39A48DD005E3041b8Eb5c75a025Db,eip155:10
0xCAFd432b7EcAfff352D92fcB81c60380d437E99D,eip155:10
0x003C50795D08Eb89006bCa9266B96FF0EAa1457e,eip155:137
0x017De4d84a7BE24e6fF07137C06e93053FeAf9ED,eip155:137
0x197856DACD1e21FbdA8D5066bA39E72e9369F7a4,eip155:137
0x1A2FDC289f4db8E80556b9814fd4F332178899DF,eip155:137
0x32D6a707A319CB3Dc536d8E3662D46286845C0ba,eip155:137
0x32F96F4Aac17e62386FED629b403a61d54672c5c,eip155:137
0x41651d7c50e6Bc9f833e72C5FAF6E5Ae3a381D7E,eip155:137
0x423DD109146cac89aF10CAbdf34A0a1c843ED12e,eip155:137
0x4A1D30De2B9865B60793bc59fc97A7e4006550b4,eip155:137
0x8f7e084F3895e185a5D2B53812933EDF50B22fD1,eip155:137
0xf3f339c8Ccb0BA78067485238eD7208824fFa9E9,eip155:137
0x015122A625b45f68E6D795C0Ab99fC7107e4c3B9,eip155:42161
0x015a2C6080F554AD428632a89A0743FCF766eaCC,eip155:42161
0x01C5063F21DEF1Ea78728303Fb07c31B0375a2b1,eip155:42161
0x0239109a83FfD2E2069993e8353f8B2995f8BC12,eip155:42161
0x029c0B3744c482d7965507DA261C9F8C7ab8dE7D,eip155:42161
0x03A9fA33975116aD937F2CA8D2E7f82001CC7107,eip155:42161
0x03E4c131F96080343b439809Df56a4a779a357c7,eip155:42161
0x04a2B83Aeb78BA0240A86b2cb4cD21dD9618BE52,eip155:42161
0x0521E4bF9ce56f0465e7Afbd6d64F36a130CA4DB,eip155:42161
0x054Becf10c79aFa4e60F75B187837bE9Fb83867D,eip155:42161
0x05663dd39d25aB19388F4e5e17Ab1b317215315b,eip155:42161
0x056d7E9002F67B150e8825E4159eCDc998b48Da6,eip155:42161
0x061eF5a8A7e8375516D14575999D1C3E11Cb1AF3,eip155:42161
0x069AD7fb7e95cd1f480B82484EBa7011ea4B7DE5,eip155:42161
0x0851389c5BD70beCBbDd10920917F6E189783baC,eip155:42161
0x091711593Aa871cF8e2BDEbAe9Dd66C24c666B1f,eip155:42161
0x098e5d99A4ABcE070910f640AD4a6b65F9F43Fbe,eip155:42161
0x09DA2d53C9d7e569e428b7F4A5c82C7CD855a7D4,eip155:42161
0x0A5846E55F92B14dF8087144C92EB0fC862e152f,eip155:42161
0x0abBbf4fD730285b0A9dA610B4A958D2621ec09f,eip155:42161
0x0b27f1fb451846d4af4fB6C5F8eEf48876c1368F,eip155:42161
0x0B34F02845BDED1aD1d64bEb013e68B5B5cDCCda,eip155:42161
0x0BAC6DBd438bE80D16137d235837A6177e2c9648,eip155:42161
0x0bfB56F225C09E37605198198BA57cBb20E9139e,eip155:42161
0x0eB5B03c0303f2F47cD81d7BE4275AF8Ed347576,eip155:42161
0x0Ff1886e4FeB48E8d627f06Fd4bafd503F3C3F02,eip155:42161
0x103cB487913EAf7f4383861cd8C726ccA9E93417,eip155:42161
0x106151CA190100d2A00dC7e4dc41Cf83f63f43Ac,eip155:42161
0x1095Ea09d4Ea5FA8eFE53c4236E71f4ca8a0864A,eip155:42161
0x10e3fF372F586C11D565c673838F5D8d2110B8Aa,eip155:42161
0x110B8b6717C4Da32d86A8D3ef78964d44f9D61F0,eip155:42161
0x11cef2922019C399288A4669d147bF1Ce54cf3c7,eip155:42161
0x1428976dFc4F500279b33DD91483a0536B2bBeBb,eip155:42161
0x16160F715BD3b27cDB60113dfc20AF7A76213917,eip155:42161
0x163282F109b86167A7017A9DB2c995a9240Dff38,eip155:42161
0x1653fF6cd12628AE47fcED55F65082FE4390e605,eip155:42161
0x17296956b4E07Ff8931E4ff4eA06709FaB70b879,eip155:42161
0x177d717d88BCC0DcbF8410F1B5978feB0FD88434,eip155:42161
0x1867528D3b2D62B41A470E3474a9d9b0B4a00F6f,eip155:42161
0x19d560b28761F1391645De72ebdb56984346E660,eip155:42161
0x1A0F879FBb3A7eC0577E398FCE4f75c506d55370,eip155:42161
0x1A214c3d583b570b1061ca541e20e87211979E7F,eip155:42161
0x1A8167907256ECE255be4563c141C88EE16427CA,eip155:42161
0x1B1347066Fb22EeB3f0eCeb9950C0B03b5701ef9,eip155:42161
0x1B686eE8E31c5959D9F5BBd8122a58682788eeaD,eip155:42161
0x1CbB0DFad83F3092226CA036CE31DA20C60Eee1e,eip155:42161
0x1CBd65014FDBcf0d8Fbf486CFE33600D71B103e0,eip155:42161
0x1da6c210d965191885Ff055869d5013901827F07,eip155:42161
0x1dF428833f2C9FB1eF098754e5D710432450d706,eip155:42161
0x1E0c247D092d7cDca62B4905672dA77308260B87,eip155:42161
0x1E38C83e064258bA38a66fffa3c8111511e7aDcB,eip155:42161
0x1e39cC29009ED4760c186d8771295c1E224882d4,eip155:42161
0x1EBb2fa726f5a9723138fCa1eD093320D4691008,eip155:42161
0x1Eef5fC7A13f042d13F032b97EDbC9b1a0F6e316,eip155:42161
0x20d57377ff5561FB09B841394aE27b68C84C02a4,eip155:42161
0x217f5F191b79C5f2d536610EE788775d4D881e86,eip155:42161
0x26970fEF0CEfdeaC361dc57e341f7375b6847Aa9,eip155:42161
0x26c02aBbabB291e2083ecF36b60ccC6aD75D9102,eip155:42161
0x26c0e0BcA6F064CB7F4cf1B28BbE338E85c818Af,eip155:42161
0x26eBD72C4420Bc2B836fb070b1cafa1Dd590B3FC,eip155:42161
0x26fC254Ebddc8Fd4Ca9C1bE13889B5934066C230,eip155:42161
0x28872bA19147c04b40C0769B170a40faA52Ab26c,eip155:42161
0x2935771e6cf78431Fd50Cc4badf3aADCd73b8B1C,eip155:42161
0x2A5A9Da096f9A246fEf6F838132460f5eE8CBe6A,eip155:42161
0x2B35CF5ff42D1EEa61BE3F267874bEB6aEb1DD05,eip155:42161
0x2BE21Ec97C340301E903F65F66901a23C48f4873,eip155:42161
0x2ccBF7C691C1725E1b6D8dC6A4304f3227B31F75,eip155:42161
0x2D4e00442F2d3339e0DeC9312B814b87Ab9822e6,eip155:42161
0x2d9539438A9cD63e05d4C1678DbCD5D0e38B9b0A,eip155:42161
0x2E3C66954C617Ee0C1977DE94b711107d5126721,eip155:42161
0x2Ea5E9E452F85f55Be47504153f25740A5f3D78A,eip155:42161
0x2Eeaa7534aA31545E98319ed72827dA53264775f,eip155:42161
0x2f1008585a62039Cd46321c9e355102B669F757f,eip155:42161
0x2F1700678b241c7E405dF671675aA2055fdbC689,eip155:42161
0x2f1AaA710f70Da9B34C0785a315Fdd59f36D0021,eip155:42161
0x2f5Eead9dC4c54cE46F4FCf10E656D9a1597Fb27,eip155:42161
0x30382888d3118Aa6757794176c57C75DB9A3FE4C,eip155:42161
0x328ACd0F0684C6E7fA7072B5B54D88dCb8AC4a7C,eip155:42161
0x338414Acdc5291C8dd2f94D11dF92effaDe17974,eip155:42161
0x3394bD055B6cDfbf5C554D25453F1A5F8570428F,eip155:42161
0x345157b915DdC5eC43bb9ce364c1dFbc70801E02,eip155:42161
0x34758cc1A7EcD316333f9D6c54b5E82615AB4ba3,eip155:42161
0x360602C8d71f92C0f3d385251bEBF74415aE751E,eip155:42161
0x3625df630968d7B3F69967e21bc3545Fcea89aBf,eip155:42161
0x36B02C2537C08E509ee2B8f8D9F8f9f48016e6D5,eip155:42161
0x375Ea02b39dde7C825534EbdDeDEFe708A7dE666,eip155:42161
0x38123a191e9685448658d2207B0543E2Fb9282cC,eip155:42161
0x38AD7BaCaE48A090eB5A5c99B0e44bEcc0e807b3,eip155:42161
0x38D0604E7A9F3E367dCd55a3F3745392843e99D1,eip155:42161
0x396d0b1F18425dD8B68deaD6B1CE9b80931Bc3DD,eip155:42161
0x399797F2C6e391DC4B0B1CfcD249102aCc1b7B49,eip155:42161
0x39b1BcEC3966601ce886971b7b1466Ec15d56F85,eip155:42161
0x3B024A944b5A8E8cc0E9deB40CFd903B6b60b839,eip155:42161
0x3B66BcFf897430e309277807819adff90fb7c47f,eip155:42161
0x3dB5B9f2CEf6bEa8a401dff1fdd3cfc6075d693C,eip155:42161
0x3dbB7D60E38CB785cFA382dE483Bf1Ae3A7338AE,eip155:42161
0x3e2c7Cc2cdD7023eaF2ae445fA403cB852c77bE9,eip155:42161
0x3fD3dcd7Bda97A7627264adCaD23E513517E8f35,eip155:42161
0x402f882dA04037DBcB4c8dd03ce6187D1dc920B3,eip155:42161
0x40784A7b89d3C82862BAf1845c6A94716018cEf8,eip155:42161
0x40c60b9A1D5903D45F8efdc72dDcb25FE3Ad2563,eip155:42161
0x40e0f26013DdF1f2d285Cb8C71d86E69EfFA2970,eip155:42161
0x413A9c69dF59288ef9A7Ebe78a2033DD2F3E1af3,eip155:42161
0x41434bfE3Bd073D77afD2C1875bca3472A5E887f,eip155:42161
0x41A5efe4ca6eAdDb55A860ade3fE8fD9e6d8804c,eip155:42161
0x42B9c5AE00014Cd6413A50e678C51A9503b777F9,eip155:42161
0x42fCf82a44BFcec5cf3b7829765B494CF3fE7134,eip155:42161
0x44aaAD8961Ab1707131a8F4229E34c66BB3Da6A4,eip155:42161
0x44dF6E21af0aeD5124AEf7603B0f327c260B544D,eip155:42161
0x44f9dA8D97FA19955dC58F9FBF5E9AFE7AE549aE,eip155:42161
0x450c6C747269F857Ac22feaB0CCDAc768cC8302b,eip155:42161
0x45BB0AfF58536C3bC50E33cF1056573533EcE369,eip155:42161
0x4688C954c0338180a2Ca538E5B8bd4e259dd1f89,eip155:42161
0x46c5AFA5d831a5c78E2d41ca33dEE5869440B1Dc,eip155:42161
0x46d806370Ee6e512561b68a86fa7e0482027a517,eip155:42161
0x4719EE58819c95bCBFbf1f537957AFa8ff8790B4,eip155:42161
0x474AC0515f74a0296317d152c8f339E9186766be,eip155:42161
0x47edcFEFCC407aa3F17BFEa90Da07A00C60c3191,eip155:42161
0x4844b58D243142A6f14c9aAedDC7c9c3fD464800,eip155:42161
0x4892825ec9657033B4fA6250537Bc30B8180C134,eip155:42161
0x49CB23a2ae05Dd01B3ebD550E17a965b393cC678,eip155:42161
0x4A7A52A1185D16334182D4c63289Cf03f8b4B255,eip155:42161
0x4b793cD2bd5676994b680C6D182f8a403FA66f55,eip155:42161
0x4C4106dA672F27D56Ae7d29f85E2adC305B7f214,eip155:42161
0x4c56847C70e79b5AdAcd4865eE3E53c115a27dCb,eip155:42161
0x4CB98Dc2C7E6Ae4c331eedbe665C277b56F52d24,eip155:42161
0x4cFd17Aef9db567B28fc56957757d995eE3647E4,eip155:42161
0x4dbc4FA7e62F39cf3774B25268481C9483a6E8c8,eip155:42161
0x4dCE666523c5d26b0Df3Fdf05E8A4Dc45D166bB2,eip155:42161
0x4F3F28d5f440e6e97D569f1Cf1e373CD62822f1F,eip155:42161
0x50d1259B0FBb5dfa9Ea68e3E5739eCf639E2b225,eip155:42161
0x512010DF9b2BB933CeD5d49e8eB843718847ACC1,eip155:42161
0x53607dcF5E15657D81825C14b6a90f717418DCdA,eip155:42161
0x539629494be6b004d33d290E6243806750A3A2f4,eip155:42161
0x55432DE4a9b98d2046B4173B8E59a7b540651f20,eip155:42161
0x55ADB6e8752B4684488c78A5883295792aaF5616,eip155:42161
0x563d27DD2E9F36157c658501222A7CB23f690c28,eip155:42161
0x563db51B37652ff5f2cb0668D61875d8B59886f1,eip155:42161
0x567655E46C388F2e59b222cD4019482F1fa7bCFC,eip155:42161
0x56a0DbC50539a1E7ed3B5F311d5E130a697d7CD9,eip155:42161
0x583AF7E4Db5C58a9d1C7cfbbB85Fe3FDa496f370,eip155:42161
0x583C7C7e8DC038934D3C29ec9126EC0E12082161,eip155:42161
0x5A2c91E57ea87FaA804b287DaBF94095f3b0C693,eip155:42161
0x5A2Cf5b6061De4Cd3C5936a781621fA8E4d1fDcF,eip155:42161
0x5B27930b0BF3BBde7eD3e1B98Fc9D8d97A10F4a3,eip155:42161
0x5Bb5d31b7CfA67a094cdA55A38c979Df993f2768,eip155:42161
0x5BfCD9Fe67A606A6B6756DB3db647ea166E91AA0,eip155:42161
0x5d27FfC2d37628F26479672d1CA1AcA95a2Cd11b,eip155:42161
0x5db83A14f1e583535D654457cb66f5BCd62348B2,eip155:42161
0x5F367BF126FDa56D88BA88a8978D5496c66B3569,eip155:42161
0x5ff817a31C03828c9F8995fc8B70B2eaB5e59Acc,eip155:42161
0x5FfD23B1B0350debB17A2cB668929aC5f76d0E18,eip155:42161
0x6072E9Cb343458ACd9E50D359837F68002d096Ef,eip155:42161
0x613d52D146CA13eD24191Fd3f518ff103e06DA41,eip155:42161
0x6154087e18f41158f89C4D6a2c667e775F2Cb473,eip155:42161
0x62ca7A4Dfbb6f0B0cFef63317F2506d9baD7aE5f,eip155:42161
0x62FbeE570b409E7780030e6381C1c34f8b5191aC,eip155:42161
0x6334e35516C4148137c27e77fb0EC376B9Ea9e9B,eip155:42161
0x63a87d5C19aAD4253dB03d367852d4d42DEf4d6A,eip155:42161
0x6462188E093296351917eB1667915Fde96B00369,eip155:42161
0x6487794da74344d46909eae8c82aC2E87dbD4E6a,eip155:42161
0x6668460Ef71721227b6d59A0Cd091ce655bC9F7A,eip155:42161
0x6737fc9C9f8b51d24e61fEFDfeD361783D987c04,eip155:42161
0x6742FF60d0dcC4E03BDb31E69112Ac66A0A69C04,eip155:42161
0x67726F72c354c5afab85cD7Eb64e7dE13264d290,eip155:42161
0x68242cbf6fb2d28fA7892F20A2445E118C19A320,eip155:42161
0x6844718a408C4f1DeCC0133F441C8017Dc786345,eip155:42161
0x68a46cfD27b1F1a093CF7B25352a3de0BF204471,eip155:42161
0x6a25A22CDa9AFEBD7c25A3bfdc372C7E4f476164,eip155:42161
0x6ac1681BA52F904f05FA7B8C4AD9C4C9a70337e6,eip155:42161
0x6C6b6F153464BcCa22C3a56BC1fA43646182bc7a,eip155:42161
0x6Cc1a726e7f9F3BC5046ad7225a7F5A7280A9415,eip155:42161
0x6d7737938cF0EE763F5017c9909feE3046ce3dF3,eip155:42161
0x6dbf6916442BE07e0b90F3399A72FF5989aB1f58,eip155:42161
0x6e4170Ef1844eeeBeB5e8086a22446c2efe4925A,eip155:42161
0x6e848EaE0A4aCAEa5A33Dcc76d6b3BEc0250F8AA,eip155:42161
0x6F8D0c0A2b28dF39cf2A4727d3eCfb60E9Ddad27,eip155:42161
0x6f9BB7e454f5B3eb2310343f0E99269dC2BB8A1d,eip155:42161
0x7029fB7080747d9B1b502a8D61D7048190ac9B77,eip155:42161
0x71667562CCB9F6A1Bb276e8E819656A9471c1182,eip155:42161
0x7175b04E1298d621C3D3E2428f502D89164677a0,eip155:42161
0x71C93beF8b2d5cF72Fa9b572bd5D4680775Ce7D6,eip155:42161
0x71FCB55C7c7e43325C499E5F0041B917bf022E87,eip155:42161
0x72F1E7AD863Da7bD6243cE6A6f4c24eee37312e9,eip155:42161
0x737050Df3Cd6912AF5309652b8f9fe9859dA777E,eip155:42161
0x744690E59652949218390FCFf92f61BD9D2CEf59,eip155:42161
0x7552bCD1d045eABCB304d34f0574A9e3c7C8F9f1,eip155:42161
0x75f102Ec055d224Be9D34EC79ea01975548C2fE1,eip155:42161
0x765D4b60ddCd381513e480905c9C1601D99539D5,eip155:42161
0x77b9dC4E88E97fB32Ad5c028FcaEC037FaBCc8b0,eip155:42161
0x79BdED0EFa91c0dE412ce2A730Bd42923a19bA0f,eip155:42161
0x7a0f28264E889142311Cb6A517aC5C2294c7D673,eip155:42161
0x7a2d27b9899f05941F6352f1d2C329124Ba0BeEe,eip155:42161
0x7A7b52BeF3D272F78eAf8D57da36c210227b76f0,eip155:42161
0x7a8A7f2C4e9Eb68168cD98d3EAA11b439C5Cc436,eip155:42161
0x7b455cfE0A447b7409C9Df847A3C636463c68D62,eip155:42161
0x7B9CC0c8F7D58835951e4bb126B951406E85Fc81,eip155:42161
0x7bA32Cf417503682631927a14ABa3Fe97C1d9F52,eip155:42161
0x7C2eE1E3cA5E3AEd845312aC731AFe6A50309f7a,eip155:42161
0x7ccFFE5EBE29509147e5f72c772f47a98C1907B7,eip155:42161
0x7D3b6F0fae542B06a071C8d7ad7B06AB8ad7F16a,eip155:42161
0x7EDCF5Cb7f1c1e7cE88A788e5b065C6F4Bdfc129,eip155:42161
0x7fB2379Be3B3c0b2f187a5680058c1e6c974dd7b,eip155:42161
0x80C3c27535612d31583A3bd46a64b03f78794178,eip155:42161
0x82A0E4555D1c6d812Dfb3438E5997b1e9552616E,eip155:42161
0x82B598624540A84bdF93010D4d1D19f0FBE78FD5,eip155:42161
0x839395e20bbB182fa440d08F850E6c7A8f6F0780,eip155:42161
0x83d02a176fD1ae1F0D9bCdDc5cbf036dCEb1d76F,eip155:42161
0x83f286be743D5211c82be952699460A8E56900DA,eip155:42161
0x854c06E1E79AbD470C9e160f0adf483CD0B73248,eip155:42161
0x85E7E6C2972e69dFa153A22A20B4461CdA5fA18e,eip155:42161
0x86bD25fA4b320B72C1175a30b6bF1a37D358418E,eip155:42161
0x878a944B3802386d383Dd77bea5BA6b44061A22C,eip155:42161
0x88c874C023007B04023F1a818e090fbCd7c9Fed9,eip155:42161
0x89467f8500Ed94Ec1Fe77269fE163F6947dCe81b,eip155:42161
0x89d0caDe40D40981f0c08B2c9EEc5D68eB4D5E15,eip155:42161
0x8A3b627f3c7E7e24770e5E897E1285746d30711C,eip155:42161
0x8BD1Cb86028d30FEa6781B0aA57D66b73897b40C,eip155:42161
0x8c57D1Fab10D4B78F49ef5C6ABaEB76a63710f61,eip155:42161
0x8d18754B965104c416E3615AFb3627dA8A36B0cc,eip155:42161
0x8D560B3BA4d4Cb91F7e1ea69ce0d652893799eAD,eip155:42161
0x8D920F6205c26dDe3F5684Bb09885C64c865B419,eip155:42161
0x8dAD8cDdD8e8D0B6beF7596F1771E95Ac97eAC13,eip155:42161
0x8E22A4c2901DA99777d76F80F29640fC81AE96BB,eip155:42161
0x8E72cef4bAb271D5fFB1f1Bd952Bcb93123F4FC4,eip155:42161
0x8F467440B06B87CE38fC7BC0125E47955a438C44,eip155:42161
0x90682c9c8bd783dD3E8968e8266b91D6f5194456,eip155:42161
0x90929D73d91f0cA80C766A266f119c8eFeeBd3f3,eip155:42161
0x90CDBD2caee67B19918109E171787A10450D0028,eip155:42161
0x90f9D1CB5685460675C5a34bdF18FFcE722ebE5b,eip155:42161
0x91af73c9973dAB58210FDe1263242A5A47Aeb9aE,eip155:42161
0x9278B57985780658e7a04EeF27Be32E6622D6C7d,eip155:42161
0x9315Ba63A5c4a85ea29284B4225d37a28750d235,eip155:42161
0x9317944F6bBdE531326a868A47352040753737bc,eip155:42161
0x9370be8438F08a750ADD060216908e79D5b3C739,eip155:42161
0x94b7745f6c5C6830C7c1c9F563D14Ed97b15C609,eip155:42161
0x95D37243942E34c0280210Decf22d6B5285c709d,eip155:42161
0x967D3DAe33cC9b4919CbB7D2EA9C7a42700BD3b8,eip155:42161
0x9729A03689D35caA386bE217ff5828691e3ff7B6,eip155:42161
0x98Ac2b8A8e737f11Fe9E8D0f46eC153A45622BA2,eip155:42161
0x98FCA5d58A123d6369ea8823cdfe65F9eBf7aB9a,eip155:42161
0x9Acb5dfcd218ea1925517433A13fe0b33835247C,eip155:42161
0x9ce0Dc49DF0AB26690748E90A6F2C2AD9cEc5fad,eip155:42161
0x9D0F9b3F609E101e50a6F400b710ED0B8d31318f,eip155:42161
0x9eb02a65387442dbC9c2022946829E82448878b3,eip155:42161
0x9F7e32283D3644b04F438c630B2fA4320a07105a,eip155:42161
0x9feaEcf898f0F628b5b0a81d813BFBa1b0993c63,eip155:42161
0xA0efD27acC781549D5b78e89E561AA0903932d56,eip155:42161
0xA22628aF5731EE4ED03817606E9412F842BE60F5,eip155:42161
0xA24f1d40F7ec5269a5fbb189D529080734BeC6ec,eip155:42161
0xA361be8F9a5646555952B89a4b9fa313ba2d2560,eip155:42161
0xA3c4D249cd961c46e10922D0622fC6fE30949761,eip155:42161
0xA3D8Dd401Ab9B3F421D1702eE35f9d20F4C2cA2b,eip155:42161
0xa417100dDCD35787E6C0598e63db45EF5ECCA567,eip155:42161
0xa4918199c15E590C38399B0eF14C345A27fb5D92,eip155:42161
0xA6DB2d1a0e6720a04946570F0bb4EC3fDD16fc9A,eip155:42161
0xA74Ca93464a0bf96C526a8E0C26f1468678D4f4b,eip155:42161
0xAaFaf5B4A67d98239915A687231586fb65F109E8,eip155:42161
0xAbAbE91A907fAdff921720C43ABe4098e7245E99,eip155:42161
0xAbcB657cF195e706b5B435d48988F5ddf70a50cA,eip155:42161
0xad500EB3Be8622B647B923c00dFc66577d7213b9,eip155:42161
0xaDa421F983FD479a2D2AA69d59928C7c0A709Bee,eip155:42161
0xadCFBc9C898Ec737DDA5Bf6e580301d0afe37939,eip155:42161
0xae4C2Be20C8b2a984f901546Df0Db385548E843F,eip155:42161
0xAF88097460D0ba2a99C04DeB30E05FF21e0dD246,eip155:42161
0xAfD5f60aA8eb4F488eAA0eF98c1C5B0645D9A0A0,eip155:42161
0xaFF7a6BF3205A031dAeb9Dd5B0C7f8F1f6dfBcd1,eip155:42161
0xB1b8289f31402A888cA2BEEb32A812DBAa4a8082,eip155:42161
0xB2407876D473151ae7C5da8e67d14e0C8b5277dB,eip155:42161
0xb27D50a8207cC79cEb640934D575e65CC031CC31,eip155:42161
0xb29A655f3D67B2B6724Fb22B2C2303cB660c946B,eip155:42161
0xB36dC8e6e2674e6001d4CF46F00b251E16FF9cB8,eip155:42161
0xB383c6c0Ddfb59207081Ce2610aA7fE3F940b6b7,eip155:42161
0xb3e152da32d20e90Ca885DDE64a3574CdCa0A7cf,eip155:42161
0xB4835e9bda37DAaF0ffCceAE89a4112E1B1Cb408,eip155:42161
0xb5B069370Ef24BC67F114e185D185063CE3479f8,eip155:42161
0xb5F9f3afD1E671987B146163855423a4498EF130,eip155:42161
0xB6618c4ACA58526836bded0fa1C113f3C6a35C11,eip155:42161
0xb6c6e69ae0CD346e2c79B161f8d974E6876AB2DE,eip155:42161
0xb73Ad4B2859D7461C6EE0AC8AF852e405FFb90f8,eip155:42161
0xb766349a2DAFDb97B74CC1a23Bc6cE5fE80eC8c0,eip155:42161
0xB87A6d024D3B0D7dFc460D33827474941b1f8535,eip155:42161
0xBb46573809fdbEac56781ee55b6d3795E94e92dd,eip155:42161
0xBBFB1dCd271d3600E23f1079f9Fae2F9504bb782,eip155:42161
0xBc5d13fe22b0480528126Bc1d4fB05b48f3Ef166,eip155:42161
0xBcf323F49dEe336D0605466aeD866Dd8BEC4b5E1,eip155:42161
0xbD8e3fCDE2eD8A4872622d454FF7AC257C74F9E3,eip155:42161
0xBE3746366f59c19AADF3b737A67D463aDf2346f4,eip155:42161
0xbec0937E0E99425a886B99A3b956C7aC6C39aA12,eip155:42161
0xBF55eD42A300cB85EE8a8Ac7DB523554DB3F34a4,eip155:42161
0xbFcAE8deCEAE799CF4b8Ec89226E660d7430d8B2,eip155:42161
0xc01Dd08e1A2B569D529A5c659104010103964222,eip155:42161
0xC2b594D5e9A928eBA72B0e997c2EAE8144719B13,eip155:42161
0xC34ea7C6a8986a33072BE8e233B4BAE8bF37cb08,eip155:42161
0xC3e8aC233f02d13C1E299e47aE230C205E0177Ed,eip155:42161
0xc55B0E926E20eB0B9373c7f5E4b2032aC34D5164,eip155:42161
0xc6404f24DB2f573F07F3A60758765caad198c0c3,eip155:42161
0xc64F1e68A59E26007fD1B3693223C5c5Af5c0769,eip155:42161
0xC7f63487c9fd3bD5281d703285656e33A2807b8e,eip155:42161
0xC8e394bc78c362854B813470422E73C20D0bF04d,eip155:42161
0xcA0C2a5E6cA33F7f0eDF7291EB7B5f2bE38b945a,eip155:42161
0xCA52D74ae8A59674B1c69Cff5f0E7ac6aC6C1d94,eip155:42161
0xca9A27d7e77b24Db88e2321bb623cD03203A40dd,eip155:42161
0xCa9a335D08a6e3ac6947f7C8F06Ff1ACAa5ADc87,eip155:42161
0xCBbB810aaD387945eb1E32FAa2C0c467e7B625d2,eip155:42161
0xcC94BBA744A8571109217D8dc8dA6913770E2804,eip155:42161
0xCD7437dBC3F3D5EC678525822927CE0139d934d6,eip155:42161
0xCdB6bba8Deb945a3dBD5AB1c8CfCE2790ABf0870,eip155:42161
0xCeEe5B2f896AC8b0c6B97ff48A3F0A2d364d9950,eip155:42161
0xCEF28ce7884Ae973990fb826C1986afaa9319B9A,eip155:42161
0xCF065164E4B73AD9A5f4708c322e3A0e1c24D1c4,eip155:42161
0xCf0c23660Bce7aF0cC2c10E990CDe6400bc92341,eip155:42161
0xcfaF24d7639C5689aE9d7E35Dcf6E2BB37BB7B48,eip155:42161
0xcff9773EFA35C86c86c4A0494F54622d802cC3bf,eip155:42161
0xD00f32826AF4cC5eC19C767CDEd156cb25318Fcb,eip155:42161
0xd169CDeE7cBe944345ac9e20CC8E7d042098A3CB,eip155:42161
0xd174ad0D1E36c7a60CD922E966354095233f8F23,eip155:42161
0xD44086C00dFfD761A55D988Fb698B7E3A197575F,eip155:42161
0xd55E2bE54f03F3C329B843d4Cd92f9Ad1B59BDC1,eip155:42161
0xD5Ccf453fd9CD9DC9A932fC698E6fA78E9Ef6995,eip155:42161
0xD5d74BffEC4b1C945094383844Aea8Bd93073c4D,eip155:42161
0xD65040c75183f22926Dbb1123cbFf54C4AF9DBcC,eip155:42161
0xD74e4EF1b2eD751162BB6cE4Ae35978af4003553,eip155:42161
0xd7cEaB6d5Cb0F50a3A3d70326A07051f2536B0fa,eip155:42161
0xD90A32d9FD6e074842FB45528527C8dE19652165,eip155:42161
0xD91A53803DfFEF52d4f277E55Aa97aD35442a6fF,eip155:42161
0xD9B415a727c9506b2487788d7693dee5E5Cd7677,eip155:42161
0xdA82B2962A779E57Eee11a2d732482753Fc0A655,eip155:42161
0xDb0cbD425f04C6560f37E01277d6B89236607BF6,eip155:42161
0xdB5BF727130A1c4D44398dF59c34C39173C60D2F,eip155:42161
0xDbC2501AB0AA0461adDe827Bcb8Bc3FEfb10Cab1,eip155:42161
0xdbd973d7C81299627221eb412fCCF67c5C15bCa2,eip155:42161
0xDc7a1E6306AB13B7a3eb2bAA6a81F517D695a7Fe,eip155:42161
0xde6C42e65cD48a4aa7a601B6b22142C8b396BC81,eip155:42161
0xe029A1301DCdb627c84f383D6f2CBee2d9bCc320,eip155:42161
0xE073715ab98fB49F700fBDbA0FC53C61E9DEA028,eip155:42161
0xe1312c1bA7042eD58e2Dc7A6951a07F1f52e2653,eip155:42161
0xE196f1F03fbA2362c20a1DdE67832F64b4D4c36d,eip155:42161
0xe1E8dCB6150E00BbF6fc81dcbB896E1B20249C59,eip155:42161
0xe2896321937FB7303996C3B78fC594B8fF67Bac4,eip155:42161
0xe290e1484cc7F5AFD0C389d72B440BbE4069e8bf,eip155:42161
0xe38F0b1b662df5C7c49feeA51C9DD452d2C6BeC1,eip155:42161
0xE4017ab0e6f3e98bF561eDAceC9687aDE1aAF155,eip155:42161
0xE5C1E803358D151D9199f164B7FA0f94b677B13B,eip155:42161
0xE642EEEa1C42e6976fa55b69Fd1dDe2135f5Db47,eip155:42161
0xe68C99726937C8B729189aA018b75eC5AC725e6A,eip155:42161
0xe719529Be204D3c1243952Fb5722E0cFaA0B2Be5,eip155:42161
0xe75A587A24251D722e95e2BC5f2C84dFDa5Da405,eip155:42161
0xE7893673e4D73Bf8573028AC7Fe0163f3CB38461,eip155:42161
0xE7975d20B20DACcc52907EeD4Dc393424C6b8C75,eip155:42161
0xE899032Be849760174Df21f6D5aB1E69Fa3D9CA6,eip155:42161
0xE8b384917Ed2650f06406E7c7f87dD9dF0080fd7,eip155:42161
0xE90b6c1F8a40d6DB0284030D77Adb29e8189Edf5,eip155:42161
0xE93D59CC0bcECFD4ac204827eF67c5266079E2b5,eip155:42161
0xe9F56fd819b34Dc818abB1823DaB219253Df77E4,eip155:42161
0xEa9b21BA4B94CF25d1bDDE9dC85689F0Dd5F0390,eip155:42161
0xec91bb755Cae6b0462A5d124D2296240409db368,eip155:42161
0xeF08963523747096374f58759aa3541B2DEC5d2a,eip155:42161
0xef17FCd2123e2Bc757A3DCFccac04379E8a53b4c,eip155:42161
0xefE0Cc2f7cdC55efFa6b6b1378A8e2Ca49b692C5,eip155:42161
0xEFFd5b1fFE1E3c1505d4b6bb6c62Fa13945AFf84,eip155:42161
0xF04092D1E7b36227D8348783a95CcA4077c9436D,eip155:42161
0xF09236c2e2Ce737E8571F663672C50F2877909a3,eip155:42161
0xF0ea58b65c82c48ce69f0ABD68D178e7764C4bA2,eip155:42161
0xf0F08f640D5553e79B91296DBA6c3f10521E5174,eip155:42161
0xF1A59725029F6f2A283134628e11F564e8ed3F6b,eip155:42161
0xf1e8B80c0d043901f7806C158E84998Ba79E3d69,eip155:42161
0xf2E8a756719D897F30E46d16e2859BbA22C31D71,eip155:42161
0xf3FE8c6c75bE4afB2F8200Fc77339abE4D7CFF33,eip155:42161
0xF4B0556B9B6F53E00A1FDD2b0478Ce841991D8fA,eip155:42161
0xf5DA7F8bBE710b89bB5EcB1d82cb2875468fB8d1,eip155:42161
0xf61815C965C67b777E06C0d22EE25f5483Bd1741,eip155:42161
0xF66002F6900D847D181C0F6235b8c50c2F453887,eip155:42161
0xf73859C20F659141961eD14b911f9A6aD87Ab0B6,eip155:42161
0xF8238E2E2f79CfFBF464612134e41DfAD041eDe7,eip155:42161
0xF864E65184EDF43061a7f97F47be6Ca184ceCF6a,eip155:42161
0xf8d83F1A1f720467359F5F61E822933E18546C4B,eip155:42161
0xF90F42181EdF92D732De72B7aAA8419213CCc905,eip155:42161
0xF963167A32dC7CDFAA25F9874E220F4C66b95E3c,eip155:42161
0xF97B86AC37bF87eF95b9AEb303eA55d69E661377,eip155:42161
0xf9d380A391A2C64D5585511203b1B7D136f2173E,eip155:42161
0xFa89cA286cd7D5DaEdB9d1aD31b3788C8Ce6250D,eip155:42161
0xfda71100Fc064504AB85De60B6b682A4df892555,eip155:42161
0xfe59bd86D2191b48b11dF3B5fcB23709A03AD63C,eip155:42161
0xfF63BE40074A638531B021Cd17d44D098b743765,eip155:42161
0xFF737e1BDEd834fd77BE86468B8F49C5527f8319,eip155:42161
0x21E53217d47555caBD8B814C0694FF44F1E7d344,eip155:8453
0x49970a4CbAd7ca94894109Ba2b2A90E9fb60DCAf,eip155:8453
0x673Be473926EFeA313869c4016b962C19e4005E1,eip155:8453
0x6BC80f9eD59d024b926cF2c8Ed5e0f81D4004Ac2,eip155:8453
0x6D0C9128165A7BF2A2072319129D49D8F458fe0A,eip155:8453
0x744690E59652949218390FCFf92f61BD9D2CEf59,eip155:8453
0x8c36993B0A4B853e99DbDf342d04639C471F787f,eip155:8453
0x9B6cB5ee13014110211304De0C5CEE1D9410a67f,eip155:8453
0x9FfD0a5b5438B95861167422E745D34d151bcc3b,eip155:8453
0xa6C177dcBD481a3138d858022B3F2Fe184793778,eip155:8453
0xb9259aeEdF68948647bE301844174F5E249c2948,eip155:8453
0xb9fEeb86C3F835d62b9E35f186f74daD5f8dB53a,eip155:8453
0xC25560E513de24d927Fd1779fDCE848e3d1a9907,eip155:8453
0xd84ae92691209275871685d654e78b27cA6e72ae,eip155:8453
0xF447B405fC7b41DDfeF3CF66EC790EaBd6b26A47,eip155:8453
